Index,Name,Description,Inspired by,Style,Amp,Tap,PowerLevel,Edit2,Edit3,Volume,Treble,Middle,Bass,Effect2,Master,Gain,Edit1,Effect1,Red-Green,Edit2Hold,TapOnOff,AmpPower
0,comfortably number,played on a tele with a neck humbucker,"Pink Floyd, David Gilmour - comfortably numb",Blues Rock ,4.0,3.0,46.0,34.0,28.0,55.0,46.0,70.0,61.0,10.0,39.0,40.0,81.0,11.0,3.0,1.0,0.0,20.0
1,Metal solo + delay,"Metal tone for solos + delay, i use a strat and i love how it sounds",-,Metal Solo ,8.0,4.0,19.0,62.0,81.0,41.0,74.0,49.0,70.0,10.0,75.0,34.0,22.0,1.0,3.0,1.0,1.0,80.0
2,Metallica – One,The clean sound in Metallica's one from ...And justice for all.,"Metallica, One",Clean ,1.0,10.0,28.0,29.0,47.0,36.0,74.0,29.0,85.0,2.0,33.0,46.0,25.0,1.0,2.0,1.0,0.0,20.0
3,Gary Moore,"My favourite setting for Gary Moore Sound in AC30. This sound is inspired by the great and unforgettable Gary Moore. A wonderful silky lead tone. The gary moore's sustain sound... . Les Paul Standard Neck Pickup Tone 6-7, Volume 5-6.Inspired by: Gary Moore , Still got the Blues",-,Blues High Sustain ,6.0,3.0,18.0,0.0,50.0,48.0,17.0,24.0,98.0,11.0,47.0,50.0,0.0,1.0,1.0,1.0,0.0,40.0
4,rory gallagher,the tone for rory's live,-,Rock ,3.0,5.0,64.0,11.0,20.0,69.0,74.0,54.0,43.0,9.0,5.0,27.0,100.0,8.0,2.0,1.0,0.0,20.0
5,Robben Ford Drive,Dumble Drive Tone,-,Blues ,11.0,10.0,37.0,0.0,43.0,71.0,0.0,34.0,37.0,1.0,15.0,57.0,0.0,1.0,1.0,1.0,0.0,40.0
6,My Acoustic Tone,GUITAR ( ESP LTD M-100FM ) Volume 10 Tone 1-2 Pickup Switch-middle,"Judas Priest, Dreamer Deceiver/Sad Wings Of Destiny",Acoustic ,1.0,57.0,27.0,0.0,18.0,100.0,90.0,47.0,100.0,1.0,37.0,16.0,0.0,1.0,2.0,1.0,0.0,20.0
7,best green day tone,This the base of billies sound.. I'm using a start copy same as his with Seymour duncan pickups ....change to amp between box AC30.. us high gain and BTq metal to get all the different sounds billie has... enjoy,"Green day, all tracks",Punk Rock ,9.0,10.0,33.0,0.0,0.0,37.0,98.0,28.0,65.0,1.0,35.0,74.0,0.0,1.0,1.0,1.0,0.0,20.0
8,acthung tone,Until the end of the world,"U2, acthung baby",crunch ,6.0,1.0,0.0,56.0,44.0,78.0,81.0,63.0,32.0,10.0,0.0,84.0,53.0,7.0,2.0,18.0,0.0,20.0
9,Nothing else Matters,limpio metallica,"Metallica, 08-black",heavy ,1.0,685.0,20.0,0.0,0.0,97.0,82.0,68.0,42.0,11.0,50.0,50.0,46.0,2.0,2.0,1.0,0.0,40.0
10,bridges burning - foo fighters,the louder the better ;),"Foo fighters, wasting light",Rock ,6.0,10.0,68.0,0.0,15.0,80.0,65.0,25.0,56.0,1.0,26.0,61.0,100.0,7.0,2.0,1.0,0.0,20.0
11,Dos tierras - Heroes del silencio,"I just find it, if you have any modification please let us know","Heroes del silencio, Entre dos tierras",Rock en espaol ,2.0,9.0,82.0,41.0,17.0,37.0,49.0,61.0,44.0,11.0,92.0,62.0,0.0,1.0,2.0,50.0,0.0,40.0
12,late 80's Guitar Hero,Think in shred!!!,-,Solo Guitar Hero ,9.0,3.0,18.0,35.0,0.0,94.0,84.0,65.0,76.0,10.0,50.0,95.0,50.0,1.0,3.0,0.0,0.0,20.0
13,Nashville,"Tap the TAP tempo button like you would double-click a mouse to get the speed really fast. While holding the TAP button, adjust the depth knob until there is only one repeated echo.",-,Country ,1.0,1.0,44.0,42.0,41.0,40.0,84.0,88.0,40.0,9.0,95.0,37.0,9.0,1.0,1.0,1.0,0.0,40.0
14,Blues/Rock,"USE MANUAL SETTINGS. I find this to be a fantastic setting for any blues/rock style of riffing on my Fender with woodstock+ pickups, but I do use a custom phase90 pedal in front of the amp for Hendrix Machine Gun to get the psychedelic swirling effect. Love this amp.","JHendrix, Machine Gun",Creamy overdriven ,6.0,10.0,42.0,33.0,55.0,47.0,44.0,43.0,54.0,11.0,45.0,50.0,33.0,1.0,3.0,0.0,0.0,20.0
15,Calling Dr Love,Calling Dr Love - Kiss tone,-,Rock ,6.0,10.0,16.0,0.0,0.0,100.0,75.0,32.0,100.0,1.0,20.0,100.0,0.0,1.0,1.0,1.0,0.0,20.0
16,AC/DC basic tone,"I´m using my Les Paul for this tone, but it might sound much better with a SG. There are different sounds of AC/DC for sure, but this sound give you an basic idea of it. Have fun with this tone and stay tuned.",-,Rock ,7.0,10.0,22.0,0.0,38.0,53.0,61.0,85.0,23.0,1.0,66.0,62.0,33.0,1.0,3.0,1.0,0.0,40.0
17,Classic Crunchy Overdrive,"just a classic tube overdriven sound with a touch of spring reverb. sounds great for blues rock, classic rock and &#39;70s hard rock. for a lead sound, you can either go from tube od to gold drive in the pedals section or move the gain knob on the amp to about 3 o&#39; clock.",-,Rock 70s Hard Rock ,2.0,3.0,9.0,0.0,60.0,100.0,73.0,93.0,86.0,1.0,100.0,50.0,26.0,7.0,3.0,1.0,0.0,40.0
18,Stairway intro,First time effort,"Led zep, stairway",Harmonic ,2.0,10.0,22.0,26.0,22.0,36.0,34.0,56.0,47.0,10.0,19.0,17.0,20.0,1.0,2.0,1.0,0.0,20.0
19,Another brick in the wall solo,"The Gilmour's sound in ""another brick in the wall""","Pink Floyd, Another brick in the wall",Rock ,1.0,10.0,23.0,23.0,44.0,51.0,100.0,100.0,56.0,9.0,50.0,49.0,18.0,7.0,2.0,0.0,0.0,20.0
20,80's thrash metal,A possible solution for the album called Kill em All. Please let me know about your opinion on this one!,"Metallica, Kill em All",Thrash metal ,7.0,10.0,33.0,0.0,77.0,100.0,100.0,13.0,83.0,1.0,14.0,81.0,64.0,6.0,3.0,1.0,0.0,20.0
21,Nu Metal,Guitar Volume at half and tone 1/4 sounds great with Meteora album. play along!!,"Linkin Park, Faint",Nu Metal ,9.0,550.0,33.0,0.0,0.0,49.0,55.0,47.0,31.0,1.0,49.0,100.0,15.0,7.0,2.0,1.0,0.0,20.0
22,Red Hot Chili Peppers TrueTone,"Great clean-crunchy tone for songs like Californication, Soul to Squeeze, Otherside, Dani California, etc.","Red Hot Chili Peppers, Californication/By The Way/Stadium Arcadium",Rock ,4.0,10.0,27.0,0.0,45.0,51.0,55.0,94.0,97.0,1.0,53.0,40.0,38.0,1.0,2.0,1.0,0.0,80.0
23,Slash tone - Amazing sweet sound for Les Paul,CHOOSE MANUAL PRESET MODE! I play Epiphone Les Paul Standard and these settings are really great for me. For Live Era it sounds damn good when you turn the bridge pickup tone almost to 0. I hope you&#39;ll enjoy it!,"Slash, Appetite For Destruction Use Your Illusion Live Era",sweet distortion ,9.0,6.0,62.0,41.0,71.0,61.0,99.0,72.0,61.0,9.0,7.0,59.0,64.0,10.0,3.0,1.0,0.0,40.0
24,Gary Moore Inspired,This sound is inspired by the great and unforgettable Gary Moore. A wonderful silky lead tone that makes your Paula sing. Check it out and use your fingers!,"Gary Moore, Still got the Blues",Heavy Blues ,8.0,1.0,48.0,0.0,50.0,85.0,17.0,100.0,91.0,1.0,13.0,55.0,0.0,1.0,3.0,1.0,0.0,20.0
25,Cemetery Gates Intro,My Cemetery Gates Intro,-,Metal ,1.0,21.0,18.0,100.0,93.0,100.0,100.0,21.0,90.0,2.0,16.0,60.0,100.0,2.0,2.0,1.0,0.0,20.0
26,Acoustic Song,Acoustic ...very close to a real acoustic guitar...subscribe,-,Acoustic ,5.0,2.0,21.0,0.0,20.0,100.0,25.0,65.0,66.0,9.0,66.0,23.0,95.0,2.0,2.0,0.0,0.0,20.0
27,Amazing Red Hot Chili Peppers Tone,good tone for playing songs of the stadium arcradium album and the californiaction album.,"Red Hot Chili Peppers, Californication",Rock ,4.0,10.0,48.0,0.0,0.0,50.0,51.0,100.0,99.0,1.0,31.0,44.0,0.0,1.0,2.0,1.0,0.0,20.0
28,Drop D Metal Tone,IÂ´m using a Vox Virage SC Jet Black.,-,Metal ,10.0,10.0,26.0,0.0,13.0,80.0,85.0,50.0,34.0,1.0,24.0,70.0,60.0,7.0,2.0,1.0,0.0,80.0
29,Mark Knopfler sound,For a lot off Dire Straits straits songs,-,Pop/Rock ,6.0,3.0,13.0,36.0,93.0,52.0,64.0,24.0,23.0,9.0,12.0,56.0,50.0,1.0,1.0,13.0,0.0,80.0
30,Black Sabbath 1978 Live DVD Never Say Die,GUITAR ( ESP LTD ) Volume 10 Tone 10 Bridge Pickup Standard Tuning.Please rate this tone,"Black Sabbath, 1978LiveNeverSayDie",Rock Metal ,8.0,654.0,81.0,0.0,17.0,79.0,100.0,5.0,31.0,1.0,79.0,100.0,0.0,1.0,1.0,1.0,0.0,20.0
31,David Gilmour,Used with a Strat with a single coil bridge pickup.,-,Rock ,2.0,10.0,25.0,51.0,58.0,23.0,72.0,76.0,0.0,11.0,34.0,100.0,50.0,1.0,3.0,1.0,0.0,20.0
32,Master of Puppets (distorted),Settings for MoP. I use DR Dimebag signature strings so I had to lower the bass a bit.,"Metallica, Master of Puppets",Thrash Metal ,7.0,5.0,16.0,0.0,16.0,69.0,83.0,20.0,67.0,1.0,100.0,70.0,100.0,6.0,3.0,1.0,0.0,20.0
33,Mark Knopfler's Vintage Sound,Any improvement is welcome!!!,-,Vintage ,3.0,975.0,35.0,0.0,75.0,66.0,85.0,41.0,31.0,9.0,13.0,63.0,37.0,1.0,2.0,0.0,0.0,40.0
34,US 2x12 Blues,Dirty Blues,-,Blues ,4.0,10.0,33.0,27.0,43.0,50.0,50.0,35.0,62.0,9.0,50.0,44.0,36.0,1.0,1.0,1.0,0.0,20.0
35,smooth lead for my G&L,have your amp set on manual. kinda stole it from a youtube vid so i can't really take credit for this.,-,Rock,8.0,10.0,38.0,0.0,25.0,73.0,35.0,49.0,50.0,10.0,14.0,63.0,48.0,8.0,2.0,1.0,0.0,20.0
36,80's Clean,Clean chorused guitar tone straight out of 1986.,-,any ,1.0,10.0,40.0,41.0,69.0,61.0,93.0,84.0,82.0,11.0,40.0,44.0,35.0,1.0,2.0,1.0,0.0,40.0
37,Metal/death metal/melodicmetal,Metal/death metal/melodicmetal style. It took me 2 hours to get it fine tuned but now it's just perfect!,-,Metal/death metal/ ,8.0,229.0,0.0,0.0,0.0,58.0,100.0,38.0,97.0,1.0,60.0,89.0,66.0,8.0,3.0,1.0,0.0,40.0
38,emg crunch,Great crunch and well defined force,-,overgriven crunch ,,,,,,,,,,,,,,,,,,120.0
39,AC/DC Real Tone,I don't like any of the ACDC settings posted before. I show you mine. You don't need ped,"AC/DC, Live",Hard Rock ,,,,,,,,,,,,,,,,,,20.0
40,Radiohead-Just Clean Tone,"This is close (in my opinion) to the clean part in the verse, played by Jonny Greenwood.","Radiohead, Just/The Bends",Alternative Jazzy ,6.0,30.0,42.0,27.0,14.0,55.0,58.0,60.0,58.0,4.0,25.0,43.0,40.0,1.0,2.0,1.0,0.0,40.0
41,Acoustic Clone,"Going for the sound of my Martin acoustic, no bells or whistles, tell me how to make it better !!",-,Acoustic ,3.0,10.0,13.0,0.0,16.0,81.0,44.0,69.0,69.0,1.0,71.0,11.0,97.0,2.0,3.0,1.0,0.0,20.0
42,BassGuitar on you Electric,Do you need a bass guitar for your records but you don't have anyone to play for you? Here is a tone that great your Electric to a Bass guitar!!!! What do you think????,-,Bass Guitar ,1.0,10.0,38.0,0.0,18.0,41.0,12.0,6.0,100.0,1.0,59.0,44.0,100.0,5.0,2.0,1.0,0.0,20.0
43,Knocking On Heaven's Door Solo 1,This is a amazing solo!,"Slash, Knocking On Heaven39s Door",Hard Rock ,8.0,10.0,32.0,63.0,46.0,50.0,44.0,54.0,55.0,9.0,34.0,68.0,44.0,1.0,1.0,1.0,0.0,20.0
44,I love rock n roll by joan jett,Tone that sounds like Joan Jett's guitar!,"joan jett, I love rock n roll",Rock,9.0,10.0,34.0,0.0,59.0,63.0,79.0,62.0,86.0,1.0,64.0,32.0,68.0,8.0,3.0,1.0,0.0,80.0
45,surfs up,"great surf garage tone, set the tremolo as fast as you possibly can",-,surf/garage ,4.0,1.0,6.0,65.0,58.0,97.0,77.0,3.0,2.0,5.0,99.0,37.0,63.0,6.0,2.0,1.0,0.0,20.0
46,80's rock lead tone,this is my lead tone... careful.. it can get loud!!!,-,80s rock ,9.0,10.0,21.0,0.0,74.0,100.0,80.0,70.0,71.0,1.0,93.0,100.0,95.0,7.0,2.0,1.0,0.0,40.0
47,Journey – faithfully,use the chorus + delay,"Journey, faithfully",journeys tone ,6.0,162.0,36.0,60.0,94.0,25.0,55.0,54.0,84.0,11.0,50.0,78.0,40.0,8.0,2.0,45.0,0.0,20.0
48,Guns n Roses,yhis tone is very good! try this,-,Hard Rock ,10.0,10.0,8.0,0.0,12.0,68.0,81.0,45.0,48.0,10.0,41.0,70.0,100.0,6.0,1.0,69.0,0.0,40.0
49,WhiteMetal,Badass! but Simple,"Prototype, The Way It Ends",Metal ,10.0,10.0,100.0,0.0,0.0,100.0,100.0,67.0,77.0,1.0,6.0,100.0,50.0,7.0,1.0,1.0,0.0,40.0
50,Lonely,Raw Raconteurs Style - 1st Tone so still a work in progress. Please feel free to take and improve upon,"Raconteurs, Consolers of the Lonely",Raw Jack White sty ,11.0,189.0,24.0,0.0,14.0,93.0,86.0,15.0,80.0,1.0,42.0,64.0,15.0,1.0,1.0,1.0,0.0,40.0
51,Stone sour,"Kind of a generic SS rhythm tone, add some tube OD for the lead parts and boost the mids with a touch of delay. And don't forget the C# drop B tuning.","Stone Sour, Get inside",Metal/Rock ,9.0,918.0,42.0,0.0,70.0,49.0,70.0,18.0,82.0,1.0,83.0,98.0,0.0,7.0,2.0,1.0,0.0,40.0
52,How Many More Times (post-wah intro),"Verse sound, post wah intro.","Led Zeppelin, How Many More Times / Led Zeppelin I",Classic Rock ,6.0,10.0,43.0,0.0,0.0,100.0,87.0,100.0,84.0,1.0,43.0,40.0,58.0,11.0,3.0,1.0,0.0,40.0
53,AC30 Dirty Rhythm,"Great sounding dirty rhythm guitar tone for blues, rock, country, and more.",-,Blues Rock Country ,6.0,10.0,42.0,0.0,0.0,65.0,43.0,57.0,63.0,1.0,39.0,42.0,0.0,1.0,2.0,1.0,0.0,40.0
54,Phasey,Try to get the speed of the phaser relatively slow.,"The Clash, Jimmy Jazz/London Calling",any ,2.0,13.0,39.0,30.0,0.0,63.0,64.0,64.0,56.0,4.0,36.0,28.0,0.0,1.0,2.0,1.0,0.0,40.0
55,John Petrucci - Damage Control,"This is a Damage Control Tone! IÂ´m using a Vox Virage SC Jet Black. Hambucker position. You guys can use this tone in a brigde or neck pickup position. Be careful with the NR sens! If you want that Intro tone, just turn off the delay!","John Petrucci, Damage Control",Heavy Metal ,10.0,6.0,59.0,34.0,0.0,73.0,62.0,29.0,49.0,10.0,26.0,97.0,64.0,7.0,3.0,50.0,0.0,80.0
56,Comfortably Numb,Must have a external compressor in front (MXR = Output 12 o'clock Sensitivity 11 o'clock,"David Gilmour, Comfortably Numb / The Wall",Lead ,7.0,4.0,13.0,13.0,0.0,88.0,61.0,18.0,77.0,10.0,38.0,40.0,50.0,7.0,3.0,1.0,0.0,40.0
57,Remembering Stevie,A Texas Blues solo tone that Stevie could have used.,"Stevie Ray Vaughan, Pride and Joy",Texas Blues ,4.0,327.0,17.0,0.0,43.0,90.0,55.0,65.0,75.0,1.0,50.0,61.0,65.0,7.0,2.0,1.0,0.0,20.0
58,She Said She Said,Classic psychedelia from the Fab Four.,"The Beatles, She Said She Said / Revolver",Classic Rock ,6.0,10.0,43.0,0.0,0.0,100.0,61.0,62.0,69.0,1.0,40.0,43.0,0.0,1.0,2.0,1.0,0.0,40.0
59,Slash -Welcome to the Jungle,"slash tone, intro",-,Hard Rock ,9.0,10.0,20.0,88.0,50.0,60.0,59.0,68.0,63.0,10.0,28.0,50.0,35.0,7.0,3.0,1.0,0.0,40.0
60,JazzyGuitar,"IÂ´m using a Vox Virage SC jet black. Neck position, P90 position, Tone 6",-,Jazz ,4.0,10.0,66.0,0.0,42.0,78.0,60.0,55.0,57.0,1.0,46.0,38.0,9.0,1.0,2.0,1.0,0.0,80.0
61,Pink Floyd - Shine On You Crazy Diamond solo,PINK FLOYD shine on you crazy diamond guitar solos,-,Gilmour Style ,5.0,5.0,100.0,50.0,84.0,92.0,90.0,22.0,32.0,11.0,18.0,35.0,32.0,1.0,2.0,50.0,0.0,40.0
62,Slash - Appetite For Destruction tone,"An exact AFD tone, I use a les paul standard with Seymour Duncan Alnico 2 Pro Slash Sig. pickups. This sounds like you're actually playing a Marshall AFD 100 Slash Sig. amp","Slash, Appetite For Destruction",Rock ,9.0,400.0,9.0,0.0,84.0,59.0,100.0,100.0,100.0,1.0,33.0,100.0,100.0,6.0,2.0,1.0,0.0,20.0
63,Acoustic Guitar,"on my Stagg SW203CETU-BK, with flat EQ on the guitar and 2/3 volume",-,Acoustic ,2.0,10.0,40.0,0.0,22.0,50.0,56.0,48.0,37.0,1.0,24.0,50.0,51.0,2.0,1.0,1.0,0.0,20.0
64,Acoustic miked up,"Looking for that near impossible to get tone of a miked up Gibson/Martin acoustic via electric model, opinions MOST WELCOME, open to any ideas , Roll the tone off a couple o&#39; notches on your guitar to suit your own taste...7 - 8 suits me :)",-,Stage miked Acoust ,3.0,10.0,26.0,0.0,14.0,85.0,57.0,67.0,80.0,9.0,65.0,18.0,93.0,2.0,2.0,1.0,0.0,20.0
65,US High Gain Dual Rectifier,Mesa-Vox,-,Rock ,9.0,10.0,31.0,35.0,43.0,54.0,50.0,43.0,71.0,9.0,50.0,86.0,15.0,1.0,1.0,1.0,0.0,20.0
66,Fuzz It Up,Expand your mind with this psychedelic fuzz.,-,Psychedelic ,1.0,10.0,39.0,0.0,0.0,66.0,61.0,61.0,62.0,1.0,37.0,64.0,88.0,11.0,3.0,1.0,0.0,40.0
67,Slow Blues Heaven,Note: PLAY IT ON MANUAL............ This is an amazing tone just to play by yourself or with your band. I love the tone try it. Try rolling off the volume and tone on you guitar to about 2-4ish for best results.,-,Slow Blues ,6.0,10.0,14.0,0.0,26.0,39.0,30.0,73.0,22.0,1.0,91.0,63.0,32.0,11.0,2.0,1.0,0.0,20.0
68,ACDC – Highway to hell,"Setup for this classic theme of AC/DC. Bridge pickup (humbucker), tone knob full, volume knob full.","AC/DC, Highway To hell",Hard Rock ,7.0,10.0,0.0,0.0,42.0,50.0,56.0,81.0,22.0,1.0,60.0,62.0,50.0,1.0,3.0,1.0,0.0,40.0
69,THE Cranked Plexi Tone,You know it's right,-,Rock And Roll ,7.0,16.0,100.0,0.0,0.0,100.0,100.0,100.0,100.0,1.0,100.0,100.0,0.0,1.0,1.0,1.0,0.0,120.0
70,Eddie Cochran Style rockabilly,Sound come closer Eddie's amplifier,"Eddie Cochran, cmon everybody",rockabilly ,2.0,10.0,5.0,23.0,0.0,36.0,62.0,66.0,59.0,1.0,66.0,61.0,0.0,6.0,3.0,1.0,0.0,40.0
71,No More Zakk!,IÂ´m using a Vox 33 series guitar! Enjoy!,"Ozzy Osbourne, No More Tears",Heavy Metal ,7.0,5.0,63.0,29.0,0.0,90.0,63.0,35.0,46.0,10.0,41.0,62.0,67.0,8.0,3.0,1.0,0.0,80.0
72,Rock you like a hurricane Sound,"This is a most sound, i love it","Scorpions, Love at First Sting",Hard Rock ,1.0,68.0,32.0,0.0,53.0,43.0,80.0,40.0,61.0,1.0,33.0,37.0,75.0,10.0,3.0,1.0,0.0,20.0
73,Pink Floyd – Time,Time Guitar solo,-,David Gilmour Styl ,8.0,10.0,100.0,48.0,93.0,100.0,98.0,91.0,65.0,11.0,10.0,32.0,52.0,9.0,2.0,20.0,0.0,40.0
74,Hiss-Sound,"Play with palm-mutes and take your guitar-tone low (1 or 2) and you can hear the ultimat ""VOX-hiss-sound"". Sounds like snare-drum.",-,VOX - cruel-sound ,6.0,10.0,35.0,0.0,0.0,61.0,100.0,50.0,40.0,1.0,100.0,51.0,0.0,1.0,2.0,1.0,0.0,20.0
75,House of the Rising Sun,My House of the Rising Sun tone,-,Rock and Roll ,2.0,10.0,14.0,0.0,26.0,66.0,100.0,72.0,28.0,1.0,35.0,38.0,100.0,6.0,2.0,1.0,0.0,20.0
76,Blues Lead,Classic blues sound.,-,Blues ,4.0,10.0,45.0,0.0,37.0,67.0,88.0,100.0,100.0,1.0,44.0,76.0,0.0,1.0,3.0,1.0,0.0,40.0
77,Hard Rock of the 70's-80's,"Inspired by the Hard Rock of the 70's and 80's like Led Zeppelin, Boston, GnR, etc.",-,Hard Rock ,6.0,10.0,18.0,0.0,0.0,17.0,43.0,61.0,74.0,1.0,18.0,100.0,58.0,8.0,2.0,1.0,0.0,20.0
78,Perfect Hard Rock Tone,You can also turn up treble a bit. Should sound awesome :),"AC/DC, Highway to Hell",Rock ,4.0,86.0,64.0,0.0,0.0,58.0,89.0,100.0,65.0,1.0,6.0,98.0,30.0,1.0,2.0,1.0,0.0,20.0
79,SRV – Lenny,Goes for Lenny and other slow songs by SRV. You need to have Texas Special-pickups to achieve SRV sound.,"Stevie Ray Vaughan, Lenny",Blues ,4.0,10.0,25.0,0.0,0.0,66.0,64.0,75.0,82.0,1.0,19.0,51.0,50.0,7.0,2.0,1.0,0.0,20.0
80,jimmy page how many more times,"I try to find this tone... i hope you enjoy. For intro use auto wah, for solos fuzzzzzzzzzzzzzzz","Led Zeppelin, Jimmy Page - How many more times",50W Plexi ,7.0,10.0,19.0,0.0,38.0,85.0,77.0,50.0,80.0,1.0,100.0,60.0,0.0,1.0,1.0,1.0,0.0,20.0
81,Led Zeppelin - rock n roll,use the max treble in the solo,"Led Zeppelin, rock and roll",page tone ,7.0,10.0,41.0,43.0,46.0,31.0,67.0,74.0,69.0,10.0,50.0,41.0,44.0,8.0,3.0,21.0,0.0,20.0
82,UK Rock Brian May,British Rock,-,Rock ,7.0,10.0,32.0,44.0,41.0,50.0,62.0,50.0,67.0,9.0,50.0,87.0,18.0,1.0,3.0,1.0,0.0,20.0
83,Foo Fighters Crunch,I play this off of my bridge (Burstbucker 2) pup. It works really well for Rope and Arlandria.,"Foo Fighters, Wasting Light",Rock/Crunch ,7.0,10.0,32.0,0.0,37.0,76.0,57.0,46.0,47.0,1.0,74.0,53.0,0.0,1.0,3.0,1.0,0.0,80.0
84,very crunchy blues,"adding anymore reverb kinda kills it, but i like a little bit of CE chorus on it sometimes too. This is great for heavy blues soloing, has kind of a les paul sound out of my Ibanez rg5ex1",-,Blues ,1.0,10.0,58.0,0.0,8.0,100.0,83.0,37.0,100.0,1.0,9.0,100.0,100.0,7.0,1.0,1.0,0.0,40.0
85,Mark Knopfler / Dire Straits Tone,Tone especially for finger-picking,"Mark Knopfler, Sultans of Swing",Strat-Style ,4.0,10.0,17.0,0.0,50.0,54.0,78.0,48.0,48.0,1.0,47.0,21.0,0.0,1.0,3.0,1.0,0.0,20.0
86,Won't Get Fooled Again,Do some windmills!,"The Who, Won39t Get Fooled Again",Rock ,7.0,10.0,38.0,0.0,38.0,100.0,95.0,43.0,35.0,1.0,41.0,60.0,0.0,1.0,1.0,1.0,0.0,40.0
87,Slow Rotating Speaker,Try to get the speed of the motor to be as slow as possible. Great for arpeggiating open chords and slow finger picking.,"Cream, Badge/Goodbye",Classic Rock ,2.0,37.0,37.0,50.0,6.0,91.0,82.0,96.0,94.0,6.0,36.0,50.0,0.0,1.0,3.0,1.0,0.0,40.0
88,The Jam crunch,Use a single coil pickup or a Rickenbacker for you lucky people :),-,Mod Rock ,6.0,10.0,7.0,0.0,25.0,60.0,100.0,0.0,0.0,1.0,15.0,93.0,0.0,1.0,2.0,1.0,0.0,20.0
89,Yngwie Malmsteen like,It made hearing sound by video. It seems that it is necessary to adjust.,-,Hard Rock ,7.0,10.0,95.0,6.0,55.0,72.0,35.0,34.0,90.0,11.0,82.0,78.0,93.0,8.0,3.0,1.0,0.0,20.0
90,Roses Waterfall,Grab that Gretsch and play the John Squire way. Also good for some Johnny Marr Jangle - switch to a Rik or Tele for some This Charming Man type vibe.,"Stone Roses, Waterfall",Indie Jangle ,6.0,12.0,21.0,69.0,62.0,61.0,38.0,38.0,57.0,1.0,30.0,34.0,39.0,7.0,2.0,1.0,0.0,40.0
91,Auto wah,for something new if you are bored with all the same:),-,Psychedelic Rock ,2.0,16.0,38.0,28.0,22.0,70.0,63.0,54.0,38.0,3.0,40.0,75.0,100.0,3.0,2.0,1.0,0.0,20.0
92,slash - Bad rain,guitare: BC Rich Mockingbird Japan with emg 85 (neck)/81 (bridge)pickups,"Slash, Bad rain - apocaliptic love",Hard Rock ,9.0,2975.0,18.0,0.0,49.0,42.0,66.0,100.0,100.0,1.0,31.0,81.0,0.0,7.0,2.0,1.0,0.0,20.0
93,Rock Basix 101,"basic rock starting point, volume and tone full up or u loose the bite on the bridge pickup, not perfect yet, help required :)","AC/DC Sabbath, all n any",RocK ,7.0,10.0,16.0,22.0,17.0,100.0,30.0,71.0,74.0,9.0,45.0,100.0,100.0,8.0,1.0,1.0,0.0,20.0
94,Metallica Solo's,use the 99 presets button once till the light has turn orange,"Metallica, Death Magnetic",Metal ,8.0,10.0,49.0,0.0,0.0,53.0,100.0,100.0,0.0,1.0,33.0,100.0,0.0,1.0,2.0,1.0,0.0,20.0
95,godfather slash,set the tone knob one your guitar to about 3. good tone for slash godfather theme. i use both pickups. you can adjust the power level as you want,"Slash, live",Metal Solo ,11.0,6.0,24.0,0.0,51.0,100.0,77.0,55.0,100.0,1.0,59.0,100.0,17.0,7.0,1.0,1.0,0.0,20.0
96,Boston - Don't Look Back,This tone should cover most of the rhythm guitar sounds in the first two albums. Try this one fore More Than a Feeling as well.,"Boston, Dont Look Back",Classic Rock ,8.0,7.0,16.0,32.0,16.0,85.0,83.0,44.0,45.0,11.0,87.0,42.0,30.0,1.0,1.0,18.0,0.0,20.0
97,perfect alien tone,this is a perfect tone if your bored and want to creat some futuristic noises on your guitar. make sure to use volume swells on your volume pot and enjoy!,-,space ,8.0,2.0,41.0,92.0,100.0,38.0,64.0,44.0,52.0,9.0,25.0,42.0,27.0,3.0,2.0,1.0,0.0,20.0
98,ACDC Highway tone,This is a pretty basic AC-DC rhythm tone from the highway to hell album. Just to give you a starting point to build off of. Note: you may want to back off the gold drive at higher power levels,"AC/DC, Highway To Hell album",Hard Rock ,7.0,10.0,21.0,0.0,0.0,50.0,43.0,57.0,73.0,1.0,48.0,100.0,21.0,8.0,1.0,1.0,0.0,40.0
99,gary moore sustain,the gary moore's sustain sound...,"gary moore, parisienne walkways",Blues ,,,,,,,,,,,,,,,,,,20.0
100,Crispy Rock Distortion,"A nice rock/Blues /alt style sound. A nice crispy crunch without going into a more ""metal"" distortion (not that there is anything wrong with that...)",-,Rock Alt Indy ,7.0,10.0,63.0,0.0,41.0,55.0,100.0,81.0,18.0,1.0,33.0,100.0,0.0,1.0,2.0,1.0,0.0,80.0
101,High Gain Metal,This is a great high gain metal tone for single coil pickups.,-,Metal ,6.0,4.0,8.0,60.0,44.0,100.0,62.0,100.0,62.0,10.0,100.0,75.0,0.0,1.0,1.0,0.0,0.0,40.0
102,Opeth like,"The noise sensitivity has to be kinda high, about 60%","Opeth, Ghost Reveries",Progressive Metal ,11.0,10.0,62.0,0.0,18.0,32.0,71.0,90.0,69.0,1.0,17.0,91.0,0.0,1.0,1.0,1.0,0.0,20.0
103,Rock Lead 2,Rock Lead 2 - Red 3,-,Rock Lead 2 ,,,,,,,,,,,,,,,,,,20.0
104,MUSE Crunch,Use a guitar with Humbuckers or a Strat! Sometimes add ORG PHASE at really low speed for certain,"MUSE, Most of their Songs",Prog Rock ,,,,,,,,,,,,,,,,,,20.0
105,Green Day BEST!,Requirments for best tone.. -Use an ES-339 or any Gibson/Epiphone with P-90 Pickups. -Use Bos,"Green Day, UNO DOS TRE",Punk ,,,,,,,,,,,,,,,,,,20.0
106,Daybreaker,Please rate my tones!,"Architects, Daybreaker",Metalcore ,,,,,,,,,,,,,,,,,,20.0
107,Hollow Crown,"Even though the 'US Metal - Red' simulates the Peavey 6505+, i think 'UK Metal - Gre","Architects, Hollow Crown",Metalcore ,,,,,,,,,,,,,,,,,,20.0
108,Super Crunch,A very punch Crunch tone,-,Any ,,,,,,,,,,,,,,,,,,120.0
109,papa roach no more secrets,My papa roach tone. Sounds great.,"Papa roach, No more secrets",RockNew metal ,,,,,,,,,,,,,,,,,,20.0
110,Kill 'Em All,Maunual,"Metallica, Whiplash Jump in the Fire Motorbreath Hit the Lights The Four Horsemen",Trash Metal ,6.0,831.0,35.0,0.0,20.0,100.0,100.0,9.0,66.0,1.0,11.0,69.0,63.0,7.0,1.0,1.0,0.0,20.0
111,sweet solo tone,un sonido de solo con muchos medios y sustain,-,high gain ,,,,,,,,,,,,,,,,,,80.0
112,Metallica - Unforgiven(clean),Manual,"Metallica, Unforgiven",Clean ,4.0,1.0,18.0,0.0,47.0,100.0,82.0,49.0,30.0,1.0,31.0,34.0,26.0,1.0,2.0,1.0,0.0,40.0
113,Nightrain,this how i like it. and my guitar is a les paul black beauty 3 ...,"slash, Nightrain",Rock ,9.0,272.0,62.0,22.0,27.0,45.0,65.0,37.0,36.0,10.0,9.0,100.0,22.0,8.0,2.0,1.0,0.0,40.0
114,Metalic Bronze,"Deep, Heavy, and entrancing to some degree if tweak to your own certain specifications.",-,Metal ,8.0,7.0,94.0,46.0,42.0,19.0,100.0,100.0,100.0,10.0,97.0,100.0,37.0,10.0,3.0,30.0,0.0,40.0
115,Stevie Ray - Vaughan Texas Blues,"Sounds pretty good my end. Beauty is, if you want his cleaner tone just simply role back the gain. Does the job for me","Stevie Ray Vaughan, Cold Shot/Pride and Joy",Texas Blues ,9.0,10.0,18.0,0.0,21.0,34.0,73.0,60.0,100.0,1.0,18.0,26.0,48.0,1.0,2.0,1.0,0.0,40.0
116,Still waiting Sum 41,Spesial for you,"Sum 41, Still waiting",Rock ,,,,,,,,,,,,,,,,,,20.0
117,Fade to black,your welcome,"Metallica, Fade to black",Rock ,6.0,10.0,0.0,0.0,61.0,50.0,53.0,80.0,83.0,9.0,51.0,49.0,100.0,11.0,1.0,1.0,0.0,20.0
118,Green Day (Newer),It sounds best if you use Tortex .88mm Sharp picks and pick pretty hard. Then you have the sound,"Billie Joe Armstrong, Nimrod to Now",Punchy and Crunchy ,,,,,,,,,,,,,,,,,,20.0
119,ZZ TOP'S A RIPPIN',Played in G aggressively.,"Billy Gibbons, La grande/Tres hombres",TEXAS BLUES/ROCK ,,,,,,,,,,,,,,,,,,20.0
120,What I Found Out,After looking for some time I think I finally got this one right.,"The Beatles, Day Tripper",Classic Rock ,6.0,10.0,28.0,0.0,63.0,50.0,30.0,48.0,11.0,9.0,11.0,66.0,0.0,1.0,1.0,1.0,0.0,40.0
121,Slash Tone / Slash's Snakepit,My Slash tone.,-,Hard Rock ,,,,,,,,,,,,,,,,,,40.0
122,Papa roach kind of distortion,It's been hard to find something like this,"Papa roach, Last resort Between angels and insects She loves me not",Alternative ,8.0,10.0,6.0,0.0,0.0,57.0,45.0,87.0,89.0,1.0,37.0,100.0,100.0,6.0,3.0,1.0,0.0,20.0
123,Burning Times,As close as i can get to Iced Earths tone,"Iced Earth, Burning Times",Metal ,8.0,1.0,62.0,0.0,46.0,88.0,74.0,50.0,100.0,1.0,10.0,100.0,41.0,6.0,3.0,1.0,0.0,40.0
124,Stinky Blues,Volume on guitar between 2 and 6 and tone on guitar between 4 and 6,-,Modern Blues ,3.0,155.0,62.0,0.0,20.0,100.0,33.0,67.0,91.0,1.0,16.0,29.0,23.0,6.0,1.0,1.0,0.0,40.0
125,US. Metal #1,I play on manual mode and go from there.,"N/A, N/A",Progressive metal ,,,,,,,,,,,,,,,,,,40.0
126,AC DC back to black,"Best ACDC tone for this song, to my mind. Guitar schecter omen 6.","AC/DC, Back to black",Rock ,1.0,10.0,60.0,0.0,0.0,18.0,18.0,100.0,49.0,1.0,19.0,48.0,100.0,8.0,2.0,1.0,0.0,20.0
127,Bluesy Crunchy,Great overdiven blues tone... USE ON MANUAL SETTING,-,Blues ,,,,,,,,,,,,,,,,,,20.0
128,Blues crunch,Great overdiven blues tone... USE ON MANUAL SETTING,-,Blues ,,,,,,,,,,,,,,,,,,20.0
129,Faces - I'm Losing You,Faces - I'm Losing You. Add some funk when strumming - use upstrokes a lot in the beginning,-,Rock - add some fu ,,,,,,,,,,,,,,,,,,40.0
130,Faces - Stay with Me,"Faces - Stay with Me - play in Open E tuning: E,B,E,G#, B,E May need to be tweaked a bit.",-,Rock - Open E tuni ,,,,,,,,,,,,,,,,,,40.0
131,"Cool Metal Tone for you, my brother",Cool metal tone!,"Metallica, Death magnetic",Metal ,9.0,10.0,35.0,0.0,0.0,85.0,59.0,44.0,58.0,1.0,53.0,56.0,100.0,8.0,1.0,1.0,0.0,20.0
132,metal roar,Heavy well defined and harmonics and solos galore.,"chriss olivia, devastation",Heavy Metal ,,,,,,,,,,,,,,,,,,120.0
133,blues acoustic,Great bluesy tone or acoustic like when you draw back some on your picking.,-,Acoustic/Blues ,,,,,,,,,,,,,,,,,,120.0
134,Brian May Creamy Distortion,"As close as I can get to the great mans tone, using my Mexican Telecaster.","Brian May, I want it all",Brian May ,6.0,10.0,17.0,0.0,13.0,65.0,50.0,56.0,75.0,1.0,16.0,43.0,41.0,6.0,3.0,1.0,0.0,40.0
135,Jimi Hendrix early years,Excellent Hendrix tone. Great for a telecaster or any single coil pup...,-,Vintage Hendrix ,6.0,17.0,17.0,13.0,16.0,53.0,64.0,94.0,36.0,9.0,62.0,45.0,15.0,11.0,1.0,0.0,0.0,80.0
136,Metallica tone v1 ,Beautiful tone for MoP,"Metallica, MoP",Thrash Metal ,4.0,10.0,16.0,50.0,0.0,70.0,72.0,62.0,68.0,9.0,48.0,88.0,89.0,10.0,1.0,1.0,0.0,20.0
137,Diamond Sound 70' 80' rock,"Beautiful dirty tone for hard rock, heavy metal of 70's and 80's","Diamond Head, Am I Evil",Rock / Heavy Metal ,4.0,462.0,26.0,42.0,0.0,57.0,64.0,100.0,47.0,9.0,50.0,88.0,100.0,8.0,1.0,0.0,0.0,20.0
138,Jazz,A warm Jazzy tone using a Epi Dot with a D'marzio Air Norton pickup in the neck position.,-,Jazz ,,,,,,,,,,,,,,,,,,80.0
139,Rock Rhythm 1,Rock Rhythm - Red 4,-,Rock ,,,,,,,,,,,,,,,,,,20.0
140,VVRock Lead 1,Rock Lead 1 - Red 2,-,Rock Lead ,,,,,,,,,,,,,,,,,,20.0
141,Clean 1,Clean - Green 1 / Red 1,-,Clean ,,,,,,,,,,,,,,,,,,20.0
142,Slash AFD100 need cry baby,For this preset need Dunlop cry baby! I've the GCB-95 and i think that it is the best...Effe,"Slash, Appetite for Destruction",Hard Rock ,,,,,,,,,,,,,,,,,,80.0
143,Dookie by Green Day,good tone for when i come around and basket case and other dookie songs,"Green Day, Dookie",Punk but not metal ,,,,,,,,,,,,,,,,,,40.0
144,Bluesbreaker`s,Epiphone ES 335,"Eric Clapton, Steppinout",Blues ,,,,,,,,,,,,,,,,,,20.0
145,Page 03 2012-12-29Punk Rock,you can choose the power level it dosent matter,"Pennywise, Peaceful day",Punk Rock ,,,,,,,,,,,,,,,,,,20.0
146,Leeroy,metal for the masses,-,Rock ,,,,,,,,,,,,,,,,,,40.0
147,gary moore style,a blues like style,-,Blues-Rock ,,,,,,,,,,,,,,,,,,20.0
148,metal disto,a metal tone,"Metal, /",Metal rythm ,,,,,,,,,,,,,,,,,,20.0
149,Oh Love-Green Day,"sounds great on a les paul, but you could use a strat as well.","Green Day, Oh Love",Pop Rock ,,,,,,,,,,,,,,,,,,20.0
150,It's a kind of Queen,Tone created using my Mexican Telecaster,"Brian May, One Vision/I Want It All",Creamy distortion ,6.0,3.0,18.0,7.0,0.0,50.0,40.0,72.0,81.0,2.0,18.0,42.0,7.0,6.0,1.0,1.0,0.0,40.0
151,Trovato & Warner country tone,This tone is inspired by Alan Warner 's solo Lookin' back and Steve Trovato's video,"Alan Warner Steve Trovato, Lookin39 Back/Lick Library",Country ,,,,,,,,,,,,,,,,,,20.0
152,SPistolstone,Punky Tone,"Sex Pistols, Pretty Vacant",Punk ,,,,,,,,,,,,,,,,,,20.0
153,Pink Floyd - Time (1),Use this sound for the guitar solo.,"Pink Floyd, Time",70s Rock ,3.0,14.0,58.0,33.0,28.0,86.0,13.0,79.0,32.0,11.0,15.0,72.0,3.0,4.0,1.0,7.0,0.0,20.0
154,AC/DC tone VOX VT20+,ACDC tone,-,Hard Rock ,,,,,,,,,,,,,,,,,,20.0
155,Metallica- One/ enter sandman intro,Devised on a strat using the bridge pickup (single coil) with tone knob on guitar at 8-9. This,"Metallica, One",Metal ,6.0,16.0,12.0,22.0,44.0,64.0,61.0,34.0,88.0,1.0,84.0,55.0,42.0,1.0,2.0,1.0,0.0,120.0
156,Gold Overdrive,"great tone, very distinct notes.. however you must leave the EQ controls alone once you have sel",-,Classic Rock ,6.0,10.0,50.0,0.0,0.0,100.0,100.0,100.0,100.0,9.0,49.0,100.0,100.0,8.0,2.0,1.0,0.0,40.0
157,"Brian May, Queen",the closest i can get to the Brian May tone with this amp,"Brian May, on the Queen albums",Queen ,,,,,,,,,,,,,,,,,,40.0
158,pop punk Distortion,So Great!,"blink 182, All",Pop Punk ,,,,,,,,,,,,,,,,,,20.0
159,Like Tool,simple tone inspired by tool,-,tool ,,,,,,,,,,,,,,,,,,20.0
160,METAL/DEATH METAL/BTBAM,"VERY PUNCHY, CRYSTAL TREBLE, CRUNCHY MID, NICE IN C/C# TUNING, LOVE IT LOUD. PLAYS WELL WITH DYI","Between the buried and me, All",PUNCHY ,,,,,,,,,,,,,,,,,,20.0
161,AcousticAmp,If you wanna plug your acoustic guitar on your VT+ this is your tone!,-,Acoustic ,,,,,,,,,,,,,,,,,,80.0
162,7-string Metal Distortion,"Using an Ibanez RG7321, Kinda bassy but sounds great.",-,Metal ,,,,,,,,,,,,,,,,,,40.0
163,Crazy Little Thing Called Love Solo,"Hey guys this is a good tone that is similar to the ""Crazy Little Thing Called Love"" Sol",-,CrunchyBluesyBassy ,,,,,,,,,,,,,,,,,,20.0
164,Rammstein-ish,"Work In Progress, please feel free to amend/suggest better tones for Rammstein-ish music. Only",-,Heavy Drop D ,,,,,,,,,,,,,,,,,,20.0
165,Rearrange Miles Kane,"Inspired BY ""Mr Jack Barry"" Himself. This is the tone for Rearrange by Miles Kane. If you have a tremolo you may want to lower the depth of the rotary.",-,Vibrato ,6.0,10.0,82.0,57.0,23.0,100.0,63.0,55.0,43.0,6.0,100.0,36.0,12.0,11.0,1.0,1.0,0.0,40.0
166,The Fratellis – Henrietta,"A Tone For ""Henrietta"" From Costello Music (2006). I Haven't Tried It Out Yes But It Should Sound Like The Record! Send me a message if you thinks any changes should be made and ill change it.","The Fratellis, Henrietta",Crunchy ,2.0,10.0,70.0,0.0,51.0,100.0,71.0,42.0,26.0,1.0,100.0,59.0,0.0,1.0,1.0,1.0,0.0,40.0
167,Gych,My guitar is half step down tuned.,-,Rock-Metal ,8.0,3.0,79.0,0.0,50.0,50.0,57.0,58.0,43.0,1.0,18.0,18.0,0.0,1.0,1.0,1.0,0.0,120.0
168,Flange Rock,Tyr it and see....,-,7039s Rock ,6.0,43.0,27.0,37.0,54.0,33.0,34.0,61.0,61.0,3.0,81.0,33.0,38.0,8.0,2.0,1.0,0.0,40.0
169,Iron,an awesome setting,"Toni Iommi, Iron Man",Crunch ,5.0,10.0,16.0,0.0,24.0,51.0,65.0,53.0,66.0,1.0,13.0,58.0,35.0,10.0,1.0,1.0,0.0,40.0
170,Angels And Airwaves - The Adventure,Intro Delay,"Angels And Airwaves, The Adventure",Space Delay ,1.0,2.0,48.0,100.0,18.0,66.0,67.0,65.0,65.0,10.0,63.0,65.0,39.0,8.0,2.0,63.0,0.0,20.0
171,Metal Solo 5,Metal Solo - UK Metal Red,-,Metal ,8.0,10.0,0.0,0.0,52.0,25.0,18.0,100.0,100.0,1.0,96.0,49.0,16.0,10.0,1.0,1.0,0.0,20.0
172,Metal Solo 4,Metal Solo,-,Metal ,4.0,10.0,0.0,0.0,45.0,16.0,55.0,95.0,95.0,1.0,94.0,61.0,71.0,10.0,1.0,1.0,0.0,20.0
173,Metal Solo 3,Metal Solo - Green 4,"Metallica, Fade to Black Solo",Metal ,7.0,4.0,5.0,20.0,81.0,23.0,100.0,100.0,45.0,9.0,80.0,65.0,100.0,10.0,1.0,46.0,0.0,20.0
174,Metal Tone 5,Tone for Black - Green 3,"Metallica, Black",Metal ,8.0,6.0,11.0,20.0,50.0,30.0,65.0,48.0,100.0,9.0,82.0,100.0,5.0,10.0,1.0,50.0,0.0,20.0
175,Metal Tone 4,Tone for Justice - Green 2,"Metallica, Justice",Metal ,8.0,10.0,13.0,0.0,7.0,30.0,37.0,5.0,37.0,1.0,95.0,81.0,6.0,7.0,3.0,1.0,0.0,20.0
176,Distorted Clean,Crystal Clean + Light Distortion,-,Post Rock ,1.0,10.0,20.0,0.0,20.0,71.0,77.0,65.0,71.0,1.0,30.0,83.0,0.0,1.0,2.0,1.0,0.0,20.0
177,Metal Tone 3,Tone for Justice/Black/master,"Metallica, Justice",Metal ,11.0,10.0,0.0,0.0,0.0,26.0,81.0,4.0,82.0,1.0,100.0,100.0,0.0,1.0,3.0,1.0,0.0,20.0
178,Metal Tone 2,General Metal Tone for Ride the Lighting,"Metallica, Black",Metal ,11.0,10.0,0.0,0.0,0.0,24.0,65.0,34.0,94.0,1.0,96.0,95.0,0.0,1.0,1.0,1.0,0.0,20.0
179,Metal Solo 1,Metal solo,"Metallica, Fade to Black Solo",Metal ,11.0,10.0,5.0,0.0,50.0,25.0,34.0,68.0,81.0,1.0,95.0,52.0,66.0,8.0,1.0,1.0,0.0,20.0
180,Kill em All/ Justice,Kill em All tone,-,Metal ,,,,,,,,,,,,,,,,,,20.0
181,The Cult with delay,She Sells Sanctuary with delay,"The Cult, She Sells Sanctuary",Rock ,,,,,,,,,,,,,,,,,,20.0
182,November Rain ish 1st solo,Use Your Illusion Solo Tone,-,Rock ,7.0,10.0,0.0,17.0,45.0,32.0,50.0,64.0,100.0,9.0,65.0,100.0,100.0,10.0,2.0,50.0,0.0,20.0
183,Slash distortion - Use Your illusion,Appetite/UUL tone,-,Rock ,1.0,10.0,5.0,0.0,44.0,15.0,5.0,95.0,100.0,1.0,95.0,95.0,100.0,10.0,3.0,1.0,0.0,20.0
184,chilean solo,"excelente para solear, es un sonido rockero y agradable",-,Rock ,,,,,,,,,,,,,,,,,,20.0
185,Hendrix,With this setting I get nice Hendrix sounds through my Les Paul. With a Strato would be much bet,"Hendrix, Little Wing",Vintage ,,,,,,,,,,,,,,,,,,20.0
186,Horror punk,great punk/metal tone. I use an SG. If you change amp to the SPl one it sounds very Murderdolls If you add tape echo on the default rate at the 2 oclock position you get a good Dead Kennedys tone.,-,horror punk/Punk/m,8.0,10.0,14.0,0.0,17.0,52.0,100.0,100.0,19.0,1.0,19.0,52.0,30.0,1.0,2.0,1.0,0.0,20.0
187,Metallica suicide,This was made on and epiphone sg korina,"Metallica, suicide and redemption",Rock/Metal ,8.0,97.0,23.0,0.0,0.0,38.0,100.0,58.0,64.0,1.0,100.0,100.0,0.0,1.0,1.0,1.0,0.0,40.0
188,SRV Clean sound,strat neck-middle pickups,"Stevie Ray Vaughan, All",Blues ,4.0,10.0,0.0,0.0,46.0,50.0,85.0,81.0,100.0,1.0,0.0,8.0,0.0,1.0,2.0,1.0,0.0,80.0
189,Paramore / Decode,"Hi guys , this tone is great for the rhythm section of this song and also for the solo. The best way to get the sound is to play on a single coil pickup with palm muting to get a rich heavy tone :) Stay tuned for more !","Paramore, Decode",Metal / Heavy Punk ,9.0,10.0,38.0,0.0,81.0,38.0,26.0,79.0,96.0,1.0,48.0,61.0,50.0,10.0,2.0,1.0,0.0,40.0
190,Deep Wet Pumping Thrash Tone,GUITAR ( ESP LTD M-100FM ) Volume 10 Tone 10 Pickup Switch - Bridge,"Overkill, Never Say Never",Thrash ,8.0,2.0,100.0,34.0,0.0,41.0,83.0,0.0,78.0,10.0,100.0,100.0,60.0,7.0,1.0,1.0,0.0,20.0
191,tape echo fun,cool sounds with tape echo,-,lead ,6.0,10.0,16.0,0.0,57.0,54.0,39.0,50.0,57.0,9.0,54.0,50.0,43.0,7.0,1.0,1.0,0.0,40.0
192,Maps lead,sounds cool for yeah yeah yeahs lead in maps,"yeah yeah yeahs, maps",yeah yeah yeahs ,7.0,10.0,25.0,0.0,50.0,50.0,56.0,95.0,87.0,1.0,54.0,70.0,44.0,1.0,2.0,1.0,0.0,40.0
193,Britton's Tone,hard to describe but I like it! Some deacent fuzz but has a good lead tone as well,-,fuzz ,10.0,10.0,13.0,5.0,7.0,60.0,59.0,60.0,58.0,1.0,24.0,58.0,0.0,11.0,3.0,1.0,0.0,40.0
194,Nearly Floyd,B.C. Rich Warbeast only w/polytune between me and my sound.,"Pink Floyd, On the Run",Ethereal Distortio ,7.0,688.0,49.0,12.0,13.0,50.0,63.0,50.0,61.0,6.0,32.0,67.0,22.0,8.0,1.0,1.0,0.0,120.0
195,Deep Purple,"This song, I've been using a Gibson Les Paul Standard Level 7, Tone 7, sound developed and tested. Pickup switch on treble.","Deep Purple, Smoke on the water",Rock ,7.0,688.0,49.0,12.0,13.0,50.0,63.0,50.0,61.0,6.0,32.0,67.0,22.0,8.0,1.0,1.0,0.0,20.0
196,Kings of Leon - Pyro (lead),"I´m using my Les Paul for this awesome Kings of leon tone, which comes very close to the original. Could be improves by playing an semi-acoustik like KOL do. Have fun with this tone and stay tuned.","Kings of Leon, Pyro",Rock ,6.0,4.0,17.0,10.0,42.0,81.0,64.0,65.0,47.0,9.0,50.0,50.0,0.0,1.0,2.0,1.0,0.0,40.0
197,Kings of Leon - Arizona (lead),"I´m using my Les Paul for this awesome Kings of leon tone, which comes very close to the original. Could be improves by playing an semi-acoustik like KOL do. Have fun with this tone and stay tuned.","Kings of Leon, Arizona",Rock ,6.0,4.0,48.0,16.0,41.0,81.0,59.0,67.0,48.0,10.0,49.0,65.0,0.0,1.0,2.0,1.0,0.0,40.0
198,Kings of Leon - Sex on fire (lead),"scription: I´m using my Les Paul for this awesome Kings of leon tone, which comes very close to the original. Could be improves by playing an semi-acoustik like KOL do. Have fun with this tone and stay tuned.","Kings of Leon, Sex on fire",Rock ,6.0,5.0,15.0,18.0,43.0,82.0,57.0,66.0,45.0,9.0,49.0,81.0,0.0,1.0,2.0,1.0,0.0,40.0
199,Franz Ferdinand,Rate and enjoy. :),"Franz Ferdinand, Take Me Out",Alternative Rock ,6.0,5.0,18.0,20.0,46.0,66.0,79.0,100.0,41.0,1.0,18.0,83.0,78.0,6.0,3.0,1.0,0.0,20.0
200,My tonr,Lol,-,Metal/Dist ,8.0,10.0,100.0,0.0,22.0,100.0,91.0,48.0,13.0,1.0,4.0,100.0,12.0,6.0,3.0,1.0,0.0,20.0
201,ZZ Top Rough boy,"The settings are from me, that I have personally tested. Setup for LS Paul both Guitarpickups Tone 7, Level 7. Delay or Chorus+Delay is Flavours.","ZZ Top, Rough Boy",Rock ,7.0,2.0,24.0,15.0,66.0,80.0,81.0,50.0,60.0,11.0,16.0,50.0,15.0,11.0,1.0,0.0,0.0,20.0
202,Good Lead/Solo/Boost Sound,When your guitar Volume is down it changes to a Hard rock/Rhythm Sound. Giving You The Freedom Of Having a solo tone without changing anything on your amp. Sounds Good on Les Paul,-,Hard Rock ,6.0,136.0,18.0,0.0,0.0,100.0,90.0,100.0,60.0,1.0,18.0,100.0,0.0,1.0,1.0,1.0,0.0,20.0
203,Hard Rock/Heavy Metal,Nice and heavy! Great for thrash!,-,Hard Rock/Metal ,6.0,10.0,64.0,0.0,0.0,49.0,100.0,25.0,100.0,1.0,100.0,100.0,100.0,8.0,1.0,1.0,0.0,40.0
204,Santana - Corazon Espinado,Santana tone,-,Hard Rock ,8.0,10.0,18.0,14.0,76.0,65.0,6.0,28.0,61.0,9.0,49.0,78.0,32.0,8.0,1.0,1.0,0.0,40.0
205,metallica solo emg 60/81 epiphone explorer gt,i think is for solo good settings,"metallica, solo settings",Metal,10.0,10.0,21.0,0.0,18.0,49.0,50.0,50.0,56.0,9.0,21.0,19.0,0.0,10.0,2.0,1.0,0.0,20.0
206,metallica emg 60/81 epiphone explorer gt,my homemade settings and is good for cort les paul ts100 too. good luck metal friends,"metallica, master of puppets ride the lightning",Metal,7.0,10.0,18.0,0.0,18.0,50.0,89.0,26.0,85.0,1.0,18.0,72.0,18.0,10.0,3.0,1.0,0.0,20.0
207,Santana – EUROPA,Select pickup volume must be adjusted.,"Santana, EUROPA",Santana ,8.0,2.0,58.0,0.0,70.0,68.0,7.0,15.0,62.0,1.0,38.0,64.0,0.0,1.0,1.0,1.0,0.0,20.0
208,EVH - A Different Kind of Truth - Red Channel,Pretty use US Metal-Red model is based on a Peavey 6505 or EVH 5150 III. Tested with &#34;Hot&#34; ALNICO V single coil pickups (Fender Texas Specials) switch between bridge and neck positions for rhythm and lead playing.,"Van Halen, She39s the Woman",Rock ,10.0,3.0,19.0,32.0,79.0,61.0,49.0,98.0,61.0,10.0,18.0,92.0,51.0,7.0,1.0,1.0,0.0,40.0
209,Melodeath,"Turned out to be a very great setting for Children of Bodom specifically. Alexi Laiho doesn&#39;t use a neck pickup and that is what this tone setting is made for, soloing and riffing using just the bridge pickup. I actually really enjoy it myself now that I have messed around with it.","Children of Bodom, Relentless Reckless Forever",Melodic Death Meta ,11.0,10.0,17.0,0.0,0.0,50.0,65.0,80.0,100.0,1.0,49.0,81.0,17.0,6.0,3.0,1.0,0.0,40.0
210,Melodic Metalcore,Great tone for melodic metalcore or melodic technical metal. Screams and has a good chunk to it. Best for D standard and drop C tunings. Also can be considered a good modern metal tone. If you like All That Remains or For Today and want a tone similar to theirs this is it.,"All That Remains/For Today, Fall of Ideals/Portraits",Melodic Metalcore ,8.0,10.0,16.0,0.0,0.0,49.0,100.0,50.0,61.0,1.0,50.0,81.0,16.0,6.0,3.0,1.0,0.0,40.0
211,Thrash Metal Rhythm,"This tone is all out thrash metal and groove metal very chunky and heavy. The Middle setting it just halfway to add more oomph and make it so you can do lead using this tone as well. Reverb can be added and I suggest the spring reverb if you were to do so, but only if you want.","Metallica/Pantera, Kill Em All/Cowboys From Hell",Thrash and Groove ,8.0,10.0,18.0,0.0,0.0,50.0,91.0,50.0,81.0,1.0,48.0,50.0,18.0,6.0,2.0,1.0,0.0,40.0
212,REM – Frequency,Play with the effects levels.  A tremolo pedal works for the chorus riffs.  played on my Ibanez AGR73 Hollow body,"REM, What39s the Frequency Kenneth",Rock / Grunge ,11.0,10.0,32.0,22.0,100.0,100.0,87.0,83.0,66.0,9.0,21.0,40.0,63.0,10.0,1.0,1.0,0.0,20.0
213,...And Justice For All distortion,I don't think that's too bad this time. :),"Metallica, And Justice For All",Thrash/Heavy ,10.0,10.0,17.0,0.0,0.0,60.0,71.0,0.0,36.0,1.0,17.0,50.0,99.0,7.0,2.0,1.0,0.0,20.0
214,Farewell Ballade,An approximate tune to play Farewell Ballade,"Zakk Wylde, Farwelle ballade",Rock / Metal ,8.0,4.0,18.0,100.0,94.0,77.0,35.0,48.0,64.0,10.0,100.0,87.0,48.0,6.0,2.0,1.0,0.0,20.0
215,One Way Out,"I'm trying to capture One Way Out and Jessica on a stratocaster. These settings, I think are pretty close for One Way Out. I am using a strat plus with fender lace pickups so sound will vary on other instruments.I will be editing with small tweaks from time to time. Have fun everyone!!!","The Allman Bros, One Way Out",Southern Rock ,2.0,295.0,18.0,0.0,0.0,100.0,74.0,81.0,63.0,1.0,100.0,23.0,45.0,7.0,2.0,1.0,0.0,20.0
216,Breakdown - Tom Petty,Best played with neck pickup on a Stratocaster.,"Tom Petty, Breakdown",Classiv Rock ,,,,,,,,,,,,,,,,,,20.0
217,Standard Clean,"I wanted a standard-ish, clean, starting point to go back to when I&#39;m after a new sound, this is a stripped backish tone I can work with to find what I want. Hope you find it usefull :)",-,Clean with bite ,1.0,11.0,32.0,46.0,48.0,94.0,71.0,77.0,37.0,11.0,30.0,26.0,20.0,1.0,2.0,35.0,0.0,20.0
218,Real Metalcore tone,"Here’s my Metal tone with my vox vt20+. I use it with a Lag Arkane 66 , it works really fine. Reverb make it sound better , trust me. I play Different metalstuff with. As I Lay Dying , The devil wears prada , Linkin Park , Parkway Drive , Bring me the horizon , a Day to remember , It dies today...",-,Metalcore ,9.0,10.0,11.0,0.0,48.0,98.0,37.0,37.0,68.0,1.0,100.0,100.0,42.0,6.0,3.0,1.0,0.0,20.0
219,My metal tone like a metallica,my metal tone,"Metallica, some kind of monster",Metal,8.0,1221.0,35.0,0.0,53.0,57.0,57.0,35.0,44.0,1.0,53.0,49.0,100.0,10.0,3.0,1.0,0.0,40.0
220,my tune,my tune,"a r rehman, it is for her",romantic ,8.0,4.0,39.0,0.0,0.0,0.0,31.0,47.0,0.0,3.0,76.0,41.0,69.0,3.0,1.0,1.0,0.0,20.0
221,Texas Bluesy Stevie Rayzee,Made a mistake on the last edit!!! I think the tone is just about perfect now!,"Stevie Ray Vaughn, Pride and Joy Updated",Texas Blues ,2.0,2273.0,26.0,0.0,40.0,95.0,84.0,45.0,100.0,1.0,100.0,19.0,6.0,7.0,2.0,1.0,0.0,20.0
222,SteveVaiForTheLoveOfGod,"Crank up the Power knob, to get closer to Vai's tone. On high volume maybe you can turn off the Compressor and still get enough sustain. With an Ibanez RG350DX I can get pretty close to the Vai tone","Steve Vai, For the Love of God",Instrimental rock ,11.0,4.0,17.0,32.0,22.0,61.0,18.0,100.0,0.0,10.0,17.0,100.0,47.0,1.0,1.0,1.0,0.0,20.0
223,CarvinMidgain,Low gain variant of the Steve Vai tone,-,Hard Rock ,11.0,4.0,18.0,14.0,20.0,56.0,58.0,74.0,0.0,10.0,15.0,53.0,0.0,1.0,1.0,1.0,0.0,20.0
224,White Stripes - Screwdriver (ish),Sounds a little bit like Screwdriver by The White Stripes but not exactly. May sound like a live variation that Jack might have used...,"The White Stripes, Screwdriver",Dirty Crunch ,5.0,10.0,24.0,0.0,0.0,62.0,71.0,27.0,36.0,1.0,25.0,30.0,0.0,1.0,1.0,1.0,0.0,40.0
225,Exodus,"Not sure about it, rate please.","Exodus, Pleasures of the Flesh",Thrash Metal ,10.0,10.0,18.0,0.0,0.0,75.0,37.0,77.0,28.0,1.0,20.0,81.0,34.0,7.0,1.0,1.0,0.0,20.0
226,Randy Rhoads (Ozzy Period),NOT MANUAL ON THE AMP... RED PRESET! An alright tone for a legendary guitarist... The louder the better!,"Randy Rhoads, Crazy Train",Metal ,9.0,10.0,50.0,0.0,33.0,64.0,81.0,62.0,10.0,1.0,51.0,81.0,42.0,6.0,1.0,1.0,0.0,20.0
227,Death Magnetic (clean),Enjoy and rate :),"Metallica, Death Magnetic",Thrash/Heavy ,1.0,10.0,18.0,0.0,42.0,62.0,47.0,32.0,50.0,1.0,19.0,50.0,0.0,1.0,3.0,1.0,0.0,20.0
228,Death Magnetic (distorted v2),"UPDATED - much closer now, rate please :)","Metallica, Death Magnetic",Thrash/Heavy ,9.0,10.0,17.0,0.0,0.0,0.0,59.0,40.0,49.0,1.0,18.0,61.0,100.0,7.0,1.0,1.0,0.0,20.0
229,Beatles - and your bird can sing,Basic (Green) / Custom (Red). That's all you need to do. Ignore the other switches.,-,Beatles ,3.0,10.0,0.0,0.0,0.0,0.0,0.0,0.0,0.0,1.0,0.0,0.0,0.0,1.0,1.0,1.0,0.0,80.0
230,Arch Enemy,Khaos Legion,"Arch Enemy, Khaos Legion",Metal ,9.0,10.0,32.0,0.0,20.0,49.0,59.0,55.0,43.0,1.0,50.0,61.0,48.0,1.0,2.0,1.0,0.0,20.0
231,MetalRythm,the tone is setup on an Ibanez S470 DX with Zack Wylde sign. EMG (active) pickups.,-,Metal ,8.0,10.0,41.0,0.0,18.0,51.0,58.0,47.0,40.0,1.0,28.0,54.0,18.0,10.0,2.0,1.0,0.0,20.0
232,Judas Preist,"slighty heavier sound then the recording, but its sounds awesome playing along with it.","Judas Preist, Breaking the Law",Heavy ,7.0,10.0,100.0,0.0,0.0,52.0,28.0,57.0,72.0,5.0,100.0,31.0,13.0,10.0,3.0,1.0,0.0,40.0
233,phenomenal-80's crunch,"if you have vfs5, boost your sound with it!! vox amazed me by jcm800 modeling, it's just phenomenal","none, none",Hard Rock ,7.0,20.0,0.0,0.0,39.0,100.0,85.0,56.0,65.0,1.0,100.0,80.0,52.0,7.0,3.0,1.0,0.0,20.0
234,Blue Orchid1,make your pitch shift 1 octave down and blend it with your original sound I’m pretty sure it will blow your mind,"White stripes, Get behind me satan",Blues garage punk ,4.0,0.0,48.0,46.0,40.0,100.0,37.0,50.0,62.0,7.0,100.0,62.0,47.0,7.0,2.0,0.0,0.0,20.0
235,Decapitated Death Metal Tone,The Most Brutal Death Metal Tone On This Amp. I've Been Using It For Ages. For That Organic Hallucinosis Sound. Enjoy!!!,"Decapitated, A Poem About An Old Prison Man",Tech Death Metal ,11.0,10.0,100.0,0.0,17.0,25.0,98.0,20.0,100.0,1.0,12.0,100.0,100.0,10.0,1.0,1.0,0.0,80.0
236,Chris Isaak - Wicked game,"It needs ""some"" finetuning, getting pretty close although. Enjoy. Do the finetuning, and help me find that ulitmate Chris Isaak tone!","Chris Isaak, Wicked Game",pop/ rock ballad ,4.0,10.0,50.0,0.0,85.0,81.0,79.0,63.0,34.0,10.0,9.0,81.0,0.0,1.0,2.0,1.0,0.0,20.0
237,Brothers in Arms,For Brothers in Arms and other....,"Mark Knopfler, Dire Straits",Pop/Rock ,,,,,,,,,,,,,,,,,,80.0
238,Americana Vox AC15,Nice breakup but still retains the Vox Chime for rhythm... turn up your volume for leads. Video,"David Grissom, David Grissom",Americana ,,,,,,,,,,,,,,,,,,80.0
239,Beno Bluesbreaker,I find the higher you can set the Power level and as long as the channel Volume is at least equal to or higher than the Gain... This amp sounds pretty tube like.  Marshall JTM45 Bluesbreaker sound.,"Eric Clapton, John Mayall Bluesbreakers",Blues ,7.0,10.0,100.0,0.0,0.0,100.0,73.0,49.0,24.0,1.0,18.0,100.0,0.0,1.0,2.0,1.0,0.0,80.0
240,power tone echo,Great echo tone with a little crunch. Turn down the guitar volume for less crunch more clean. Be,-,Rock ,,,,,,,,,,,,,,,,,,40.0
241,Hallelujah,Hallelujah - Grace - Jeff Buckley,"Jeff BuckHley, Hallelujah",Rock Blues ,4.0,1.0,0.0,33.0,79.0,94.0,71.0,87.0,90.0,5.0,31.0,32.0,0.0,1.0,2.0,1.0,0.0,40.0
242,metalisha,rock,"Metalisha, season of the witch",Rock ,,,,,,,,,,,,,,,,,,40.0
243,Vintage OD,Play it slowly... and enjoy !,-,Blues ,2.0,13.0,62.0,0.0,59.0,55.0,39.0,49.0,60.0,9.0,51.0,52.0,43.0,7.0,1.0,1.0,0.0,20.0
244,Bloc Party,Full tone,"Russel Lissack/ Kele Okereke , Silent alarm",Indie Rock ,,,,,,,,,,,,,,,,,,20.0
245,Clean (Nashville Tele),Clean tone good for arpegiated open chords on telecaster.,-,Clean Bright ,,,,,,,,,,,,,,,,,,120.0
246,Foo Fighters Tone,"I play it on the bridge plus middle pickups on a japanese strat, full tone.","Foo fighters, All my life",Rock ,4.0,10.0,52.0,0.0,21.0,14.0,42.0,25.0,27.0,1.0,10.0,100.0,0.0,9.0,2.0,1.0,0.0,20.0
247,Heavy Slow Blues,Using a Rally Les Paul copy. Recorded using Cubasis with AKG C1000s mic. Backing from Jamey Aebersold Vol2 (Nothin' but Blues) Learn To Play Jazz series.,"SRV, any",heavy Blues ,1.0,10.0,15.0,69.0,34.0,43.0,100.0,60.0,63.0,9.0,63.0,82.0,79.0,7.0,2.0,1.0,0.0,40.0
248,Slash tone Appetite,This is a nice basic Slash tone form the Appetite album. I used a VT+20 and an Epiphone les paul standard with both pickups. This is the basic sttings and you can play around with the gain/treble and find the tone thats best for your ears. Play around with these settings til&#39; you find the nice appetite tone that you enjoy!!,"Slash, Appetite for Destruction",Hard Rock ,4.0,614.0,20.0,0.0,48.0,53.0,82.0,60.0,43.0,1.0,17.0,73.0,0.0,1.0,1.0,1.0,0.0,20.0
249,always with joe,setup your own gain!,"Joe satriani, always with me always with you",solo tone ,6.0,10.0,10.0,0.0,40.0,100.0,84.0,57.0,88.0,1.0,98.0,19.0,43.0,6.0,1.0,1.0,0.0,80.0
250,Bluesy Treble,"Bluesey treble sound, hope you guys enjoy :)",-,Blues ,1.0,7.0,50.0,0.0,55.0,59.0,56.0,54.0,59.0,1.0,49.0,14.0,100.0,6.0,2.0,1.0,0.0,40.0
251,Under the Bridge by klotad,Great amp setting for under the bridge. Enjoy.. :),"Red Hot Chili Peppers, Under the Bridge",Amazing ,2.0,79.0,50.0,0.0,42.0,100.0,62.0,42.0,60.0,1.0,15.0,16.0,50.0,1.0,3.0,1.0,0.0,20.0
252,always with joe,setup your own gain!,"Joe satriani, always with me always with you",solo tone ,6.0,11.0,10.0,42.0,40.0,100.0,84.0,56.0,87.0,10.0,97.0,18.0,43.0,6.0,1.0,31.0,0.0,80.0
253,Bluesy Treble,"Bluesey treble sound, hope you guys enjoy :)",-,Blues ,1.0,7.0,50.0,0.0,55.0,59.0,56.0,54.0,59.0,1.0,49.0,14.0,100.0,6.0,2.0,1.0,0.0,40.0
254,Under the Bridge by klotad,Great amp setting for under the bridge. Enjoy.. :),"Red Hot Chili Peppers, Under the Bridge",Amazing ,2.0,79.0,50.0,0.0,42.0,100.0,62.0,42.0,60.0,1.0,15.0,16.0,50.0,1.0,3.0,1.0,0.0,20.0
255,Slash (Appetite for Destruction - clean),It's important to set your tone knob to 7 on a Les Paul guitar. I use a Cort KX5 with .010 Ernie Ball strings and the optimal tone value is about 4 for me. Just make sure to have a minimal distortion or less.,"Slash, Appetite for Destruction",Hard rock ,8.0,10.0,12.0,0.0,55.0,30.0,72.0,44.0,71.0,1.0,100.0,14.0,0.0,1.0,1.0,1.0,0.0,20.0
256,Panama,I also used a EVH Phase 90 which really helps get that EVH tone,"Van Halen, 1984 /Panama",8039s Metal ,10.0,10.0,16.0,61.0,86.0,58.0,7.0,93.0,92.0,10.0,20.0,100.0,42.0,1.0,1.0,65.0,0.0,40.0
257,midnight stepps, tone+5 volume3,"Sunny Day, midnight steps",Blues ,4.0,10.0,62.0,38.0,54.0,66.0,46.0,35.0,60.0,9.0,53.0,45.0,48.0,1.0,2.0,1.0,0.0,40.0
258,Killer Queen solo,"This is the tone I use for playing the solo to Queen&#39;s Killer Queen. The first part of the solo (below the 12th fret) is played on the bridge pickup. The second (above 12th fret - starts on 15th fret of G string) is played on the neck pickup. I used humbuckers, though I know Brian May has a single-coil in the neck position.","Queen, Killer Queen solo",Rock ,6.0,10.0,0.0,0.0,27.0,43.0,54.0,71.0,52.0,1.0,35.0,54.0,42.0,6.0,1.0,1.0,0.0,40.0
259,Thrash Tone,Works for me.......,"Metallica, Master Of Pupets",Scooped Thrash ,6.0,162.0,17.0,0.0,13.0,100.0,67.0,17.0,66.0,1.0,100.0,67.0,35.0,7.0,1.0,1.0,0.0,80.0
260,Funy day,Les Paul Standard +,-,Rock - Blues ,2.0,13.0,26.0,18.0,51.0,65.0,10.0,65.0,81.0,9.0,28.0,76.0,43.0,8.0,2.0,12.0,0.0,40.0
261,Ain't talkin' 'bout tone,Setup with my Mexican Fender Telecaster,"Van Halen, Ain39t talkin39 39bout love",High end 8039s gai ,8.0,3.0,17.0,40.0,44.0,34.0,61.0,62.0,72.0,11.0,26.0,35.0,45.0,10.0,2.0,16.0,0.0,40.0
262,Basic sound of Dire straits !!,My favorite for playing Dire Straits,"Dire Straits, Dire Straits The first",Rock ,6.0,3.0,24.0,41.0,92.0,68.0,60.0,8.0,42.0,9.0,9.0,33.0,46.0,1.0,2.0,1.0,0.0,80.0
263,AC30 starting point!,"This is more or less my go-to AC30 sound. Slight breakup, but clean and crisp for precise picking and clarity!",-,Pop ,6.0,5.0,36.0,10.0,40.0,48.0,44.0,43.0,51.0,9.0,54.0,40.0,0.0,1.0,2.0,12.0,0.0,20.0
264,EVH sound,classic VH1 tone with phase,"Van Halen, Eruption/Atomic punk",Rock,7.0,33.0,100.0,43.0,0.0,66.0,65.0,54.0,57.0,4.0,34.0,86.0,82.0,7.0,3.0,1.0,0.0,20.0
265,Edwyn Collins - A Girl Like You,made with a cort g110,-,90s rock ,8.0,10.0,31.0,80.0,30.0,32.0,67.0,67.0,27.0,9.0,0.0,30.0,100.0,5.0,1.0,1.0,0.0,20.0
266,Pink Floyd - breath,"From the making of Dark Side of The Moon, David Gilmour demonstrating the guitar part for Breath",-,Clasic Rock ,5.0,6.0,100.0,60.0,87.0,63.0,91.0,20.0,30.0,11.0,18.0,35.0,35.0,1.0,2.0,47.0,0.0,40.0
267,slash - godfather theme,Guitar solo played by Slash in tokio 1992,-,Metal ,8.0,4.0,100.0,50.0,94.0,93.0,73.0,15.0,25.0,11.0,14.0,30.0,62.0,10.0,1.0,50.0,0.0,40.0
268,Ramones – BarreChords,Simple but effective Barre Chord only tone....,"Ramones, Ramones",BarreChordPunk ,2.0,3.0,6.0,34.0,61.0,64.0,84.0,60.0,55.0,5.0,91.0,31.0,64.0,6.0,1.0,1.0,0.0,40.0
269,Twangy Surf Tone,use middle position on telecaster pickup selector,"Duane Eddy, Rebel Rouser",Surf ,,,,,,,,,,,,,,,,,,20.0
270,Metallica's clean,use the 99 presets button on orange,"Metallica, Sanitarium",Clean Metal ,,,,,,,,,,,,,,,,,,20.0
271,ACDC - shook me all night long,the tone its better in power chords,"AC/DC, shook me all night long",treeble boost ,4.0,93.0,0.0,40.0,43.0,36.0,32.0,63.0,87.0,10.0,50.0,77.0,44.0,6.0,1.0,1.0,0.0,20.0
272,true rock,my first tone creation,-,Hard Rock ,7.0,2.0,53.0,36.0,74.0,44.0,59.0,41.0,78.0,10.0,34.0,67.0,29.0,6.0,3.0,1.0,0.0,20.0
273,Boston - more than a feeling,"use the (acoustic) effect in the firts part of the track, then use the gold drive for the solo and bridge","Boston, more than a feeling",like Tom Scholz to ,6.0,56.0,38.0,70.0,76.0,50.0,55.0,55.0,87.0,11.0,47.0,34.0,50.0,8.0,2.0,1.0,0.0,20.0
274,Beatles lead tone,played on a 52 reissue telecaster,"The Beatles, cant buy me love",Rock and Roll ,6.0,10.0,0.0,50.0,43.0,50.0,60.0,60.0,61.0,9.0,41.0,39.0,50.0,1.0,2.0,0.0,0.0,120.0
275,Status quo,Played on a 52 reissue telecaster.,"Status Quo, Paper Plane",Rock,8.0,10.0,0.0,39.0,42.0,58.0,60.0,49.0,39.0,10.0,41.0,60.0,0.0,1.0,2.0,1.0,0.0,20.0
276,Shadows tone,usded with a u.s.a strat with e.m.g pickups,"Shadows, 50 Golden greats",Rock and Roll ,1.0,10.0,0.0,56.0,55.0,100.0,60.0,50.0,0.0,9.0,41.0,38.0,0.0,1.0,2.0,1.0,0.0,120.0
277,psycobilly,this is a great 50s esq tone i use it for stuff like the cramps as well ass some of my tunes,"the cramps, i was a teenage werewolf",Garage/Rockabilly ,3.0,2.0,6.0,44.0,34.0,100.0,90.0,51.0,2.0,9.0,100.0,52.0,71.0,6.0,2.0,1.0,0.0,20.0
278,the gories - thunderbird esq,this is one of my favirote songs and a great tone,"the gories, thunderbird esq",garage Punk ,2.0,10.0,7.0,0.0,0.0,100.0,64.0,50.0,15.0,1.0,100.0,58.0,17.0,6.0,3.0,1.0,0.0,20.0
279,Floods Outro/nice echo,"I mostly do pantera tones, and i did this one a few minutes ago and it sounds pretty good (this is for the floods outro) as simple as it is! enjoy","PanterA, Floods Mainly",EchoFading ,6.0,10.0,100.0,32.0,100.0,100.0,36.0,0.0,100.0,10.0,7.0,51.0,40.0,10.0,1.0,1.0,0.0,40.0
280,PanterA – Acoustic,"have all these settings on, turn the amp off and on, then just reset the gain,us 2x12,acoustic,chorus delay, reverb as shown then it should work","PanterA, This Love Mainly",Soft Pantera parts ,4.0,10.0,100.0,0.0,36.0,100.0,0.0,100.0,100.0,11.0,7.0,50.0,0.0,2.0,2.0,1.0,0.0,40.0
281,EarPorn,Beware the awesomness!,-,Rock n39 Roll ,7.0,10.0,86.0,0.0,95.0,86.0,40.0,54.0,82.0,1.0,100.0,87.0,0.0,7.0,2.0,1.0,0.0,20.0
282,My favorit clean,my favorite clean tone,"John Mayer, I am gonna find another you",clean ,3.0,5.0,50.0,53.0,42.0,60.0,42.0,36.0,50.0,9.0,58.0,0.0,24.0,6.0,3.0,36.0,0.0,20.0
283,Clean Metal,Good for power chords on metal style songs. Always use with heavy distortion. Adjust the gain to personal preference to adjust the effect of the metal distortion.,-,Metal ,10.0,5.0,14.0,0.0,23.0,51.0,50.0,49.0,61.0,9.0,100.0,18.0,0.0,10.0,1.0,1.0,0.0,20.0
284,JCM 800 Zakk Lead,Zakk sans chorus,-,Rock ,10.0,5.0,14.0,0.0,23.0,51.0,50.0,49.0,61.0,9.0,100.0,18.0,0.0,10.0,1.0,1.0,0.0,20.0
285,BTQ Metal Randy Rhoads,All Aboard!,-,Rock ,11.0,10.0,33.0,35.0,37.0,50.0,42.0,40.0,70.0,9.0,50.0,85.0,16.0,1.0,1.0,1.0,0.0,20.0
286,JCM 800 Rhythm,noise reduction is set at 12:00,"AC/DC, Back in Black",Rock ,8.0,10.0,33.0,0.0,40.0,50.0,62.0,50.0,66.0,9.0,50.0,54.0,15.0,1.0,2.0,1.0,0.0,20.0
287,Clean Comp Chicken Pickin',Love the gradual swell of the notes!,-,Clean ,1.0,3.0,33.0,31.0,43.0,81.0,64.0,43.0,61.0,9.0,50.0,36.0,50.0,1.0,2.0,1.0,0.0,20.0
288,Van Halen 1984 Lead,noise reduction is set at 12:00,"Van Halen, Panama",Rock ,8.0,3.0,34.0,42.0,43.0,52.0,63.0,63.0,72.0,9.0,50.0,80.0,15.0,1.0,2.0,1.0,0.0,20.0
289,Bangers & Mash  - Live From the basement,"Tono inspirado en la distorcion de jonny greenwood para la cancion Bangers & Mash, version Live From The Basement","Radiohead, Bangers Mash / In Rainbows From The Basement",Alternative rock ,6.0,481.0,16.0,0.0,0.0,81.0,83.0,100.0,100.0,1.0,16.0,100.0,99.0,6.0,2.0,1.0,0.0,20.0
290,page 17 2012-12-20BRM Octave,This tone is in a BRM Octave fresh outgoing everlasting VOX AC30 echo down the hall into Paul :D,"U2, No Line on the Horizon",VOX AC30 ,6.0,10.0,39.0,0.0,84.0,0.0,0.0,0.0,0.0,6.0,0.0,0.0,0.0,5.0,1.0,1.0,0.0,20.0
291,Eventide – The beast and the machine,"My first approach tho the sound of this sweden metal band. Deep, rich and powerful tone. Guitar setup: Pickup Bridge/Mid (HB/SC), tone: 0-2, vol: 7-8.","EVENTIDE, The Beast and The Machine",Metal ,9.0,10.0,18.0,5.0,10.0,50.0,33.0,80.0,63.0,10.0,61.0,100.0,29.0,7.0,1.0,1.0,0.0,40.0
292,GENERAL MODERN METAL,"Intended to emulate the aprox tone of my Bugera 333 with 4X12 half stack, setup for metal (lead channel), at my rehersal lounge. Nice tone for not too extreme modern metal.",-,Metal Heavy Metal ,10.0,10.0,0.0,0.0,18.0,50.0,62.0,18.0,80.0,1.0,66.0,65.0,34.0,1.0,1.0,1.0,0.0,40.0
293,RAMONES – Blitzkrieg bop,"Nice 70's tone to play one of my ever favs, Ramones. Bridge single coil pickup (splitted HB) at full tone and 9 volume knob.","Ramones, Blitzkrieg Bop",Punk Rock ,7.0,10.0,10.0,0.0,45.0,51.0,58.0,100.0,38.0,1.0,65.0,43.0,17.0,1.0,1.0,1.0,0.0,40.0
294,IRON MAIDEN – Hallowed de thy name,"Intended to play at home, so low power knob setting :( Ibanez SA-260 with bridge pickup in single coil position (splitted), tone at max, volume at 85%.","Iron Maiden, Hallowed Be Thy name",Heavy Metal ,9.0,10.0,10.0,0.0,12.0,49.0,52.0,64.0,62.0,1.0,63.0,66.0,31.0,1.0,2.0,1.0,0.0,40.0
295,sweet chil of mine,Yo uso el mic del ciapason con el volumen como en el 7 y el tono entre el 6 y el 7,"Guns and Roses, appetite for destruction",Hard Rock ,8.0,10.0,0.0,0.0,48.0,58.0,26.0,81.0,90.0,1.0,1.0,43.0,0.0,1.0,1.0,1.0,0.0,80.0
296,my lead guitar tone,i use this tone just when im messing about its fun and has a great feel,"Joe Satriani, mystical potato",lead ,11.0,10.0,50.0,0.0,0.0,100.0,49.0,67.0,50.0,1.0,50.0,100.0,0.0,1.0,3.0,1.0,0.0,80.0
297,crazy echo,"adjust the gain to your liking, i keep some tube overdrive on but its not necessary. Adjust master to your liking too, i play in a dorm so i need to keep it low. PICK A LOT AND REPEAT NOTES FOR FULL EFFECT",-,psychadelic prog ,6.0,10.0,50.0,100.0,99.0,100.0,80.0,46.0,64.0,9.0,10.0,30.0,37.0,7.0,3.0,2.0,0.0,40.0
298,Acoustic sound for Romeo and Juliet,Use capo on third fret and this tuning: D.A.D.G.B.D,"Dire Straits, Romeo and Juliet from Money for Nothing",Pop/Rock ,6.0,10.0,37.0,0.0,83.0,30.0,50.0,52.0,32.0,1.0,34.0,63.0,50.0,2.0,2.0,1.0,0.0,80.0
299,U2 - Bad-Pride,just play around with the delay a bit,"U2, BadPride",Delay AC30 ,6.0,10.0,34.0,0.0,44.0,100.0,50.0,48.0,37.0,10.0,81.0,40.0,0.0,1.0,2.0,0.0,0.0,20.0
300,Guitar Solo Musicom,Use single coils and play with tone controls to get that creamy sweet tone in Eric Johnson style,-,Guitar Hero ,1.0,4.0,16.0,20.0,46.0,78.0,77.0,73.0,70.0,10.0,48.0,61.0,84.0,11.0,2.0,0.0,0.0,20.0
301,John Mayer Wah,"Fun John Mayer Wah, Adjust Master and Power level to suit...Adjust volume on guitar to get less or more wah. Finger pick it.","John Mayer, I Dont Trust Myself - Where the Light is Live in Los Angeles",WAH ,4.0,10.0,11.0,4.0,21.0,57.0,40.0,49.0,54.0,10.0,52.0,43.0,36.0,3.0,2.0,50.0,0.0,40.0
302,Avenged Sevenfold Afterlife+Trashed and scattered,As close as i can get without useing other effect pedals,"Avenged Sevonfold, City of evil Avenged sevonfold",Metal ,8.0,2.0,60.0,6.0,65.0,100.0,100.0,15.0,85.0,10.0,6.0,27.0,100.0,7.0,3.0,1.0,0.0,20.0
303,Testing tone,A tone to test different set ups,-,Testie ,7.0,2.0,40.0,33.0,14.0,31.0,26.0,35.0,28.0,11.0,40.0,22.0,35.0,9.0,1.0,1.0,0.0,40.0
304,Gilmore – ish,You'll need a tube overdrive pedal in front of the amp. Alternately you can use a compression pedal and change the VT20+ pedal to Tube OD,"Pink Floyd,David Gilmore, Comfortably Numb",Lead Rock ,7.0,5.0,25.0,51.0,50.0,85.0,45.0,18.0,76.0,10.0,35.0,39.0,51.0,1.0,3.0,1.0,0.0,20.0
305,tone to avoid the hiss sound,"works with all amp models. The only thing you have do to is turn treble and middle to zero. So, the only thing to change the tone is the bass-chickenhead and your guitar-knobs.",-,just for testing ,6.0,10.0,26.0,0.0,0.0,48.0,0.0,0.0,38.0,1.0,57.0,54.0,0.0,1.0,1.0,1.0,0.0,20.0
306,Clear and Crunchy,"Well. Searching desperately to emulate the crunch from Matt Mays's City of Lakes, on youtube. I think he uses a Fender Supersonic.. anyhow.. check it out.","Matt Mays and Springsteen, City of Lakes/Radio Nowhere",Crunch ,4.0,1.0,50.0,0.0,0.0,98.0,50.0,40.0,53.0,1.0,100.0,43.0,15.0,7.0,1.0,1.0,0.0,40.0
307,Metaltone/True,One of my Hammerfall like sounds...try it ;-),"Hammerfall, Let the hammer fall",Metal ,9.0,10.0,35.0,0.0,0.0,42.0,90.0,83.0,74.0,1.0,34.0,87.0,0.0,1.0,1.0,1.0,0.0,20.0
308,Yorkish,Thom York-ish sound,-,Rock ,6.0,0.0,40.0,43.0,71.0,62.0,42.0,53.0,52.0,7.0,43.0,44.0,0.0,1.0,2.0,100.0,0.0,40.0
309,What's that?,Get the vibe speed really slow and the tremolo speed really fast.,-,Any ,4.0,1.0,42.0,100.0,0.0,88.0,64.0,72.0,82.0,5.0,40.0,40.0,3.0,4.0,3.0,1.0,0.0,40.0
310,Shredda,Shred your face off!,-,Shred ,9.0,10.0,39.0,90.0,0.0,99.0,70.0,16.0,38.0,11.0,39.0,54.0,34.0,10.0,1.0,33.0,0.0,40.0
311,B. May,Great Brian May rhythm tone.,"Queen, 7 Seas of Rhye",Rock ,6.0,10.0,45.0,0.0,43.0,65.0,57.0,60.0,44.0,1.0,45.0,62.0,0.0,1.0,1.0,1.0,0.0,40.0
312,Led Boots,Get the delay going with a moderate speed.,"Jeff Beck, Led Boots / Wired",Rock/Fusion ,7.0,5.0,45.0,41.0,0.0,72.0,93.0,90.0,42.0,9.0,39.0,90.0,38.0,11.0,2.0,13.0,0.0,40.0
313,Peace Frog,The Lizard King strikes again!,"The Doors, Peace Frog",Rock ,3.0,10.0,40.0,0.0,44.0,61.0,86.0,76.0,39.0,1.0,44.0,38.0,0.0,1.0,3.0,1.0,0.0,40.0
314,Moonage Daydream,Get the delay extremely fast (ADT style) and hold down the TAP button to adjust the feedback to one repeat.,"David Bowie/Mick Ronson, Moonage Daydream",Glam Rock ,7.0,1.0,39.0,64.0,0.0,65.0,32.0,100.0,0.0,9.0,36.0,63.0,6.0,11.0,2.0,1.0,0.0,40.0
315,Rocks Off,Add just a touch of room reverb.,"The Rolling Stones, Rocks Off / Exile on Main Street",Classic Rock ,3.0,10.0,40.0,0.0,3.0,86.0,90.0,60.0,65.0,1.0,41.0,35.0,0.0,1.0,3.0,1.0,0.0,40.0
316,Bridge of Sighs,Try to get the vibe pedal going as slow as possible.,"Robin Trower, Bridge of Sighs",Classic Rock ,7.0,10.0,42.0,0.0,0.0,100.0,100.0,100.0,89.0,1.0,40.0,100.0,8.0,4.0,2.0,1.0,0.0,40.0
317,Whipping post,Turn down to clean it up and turn up for soloing.,"The Allman Brothers, Whipping Post/The Allman Brothers Band",Blues/Rock ,2.0,10.0,43.0,0.0,0.0,100.0,100.0,100.0,58.0,1.0,42.0,40.0,0.0,1.0,3.0,1.0,0.0,40.0
318,Walshy,Hold the TAP button and bring up the number of repeats until you get about 4 or 5 clear ones. Sh,"Joe Walsh/James Gang, Asshtonpark",Classic Rock ,4.0,10.0,45.0,100.0,0.0,66.0,80.0,95.0,54.0,9.0,36.0,100.0,0.0,1.0,3.0,39.0,0.0,40.0
319,Headbanger's Delight,rawk!,-,Metal ,11.0,10.0,46.0,0.0,0.0,71.0,94.0,0.0,92.0,1.0,39.0,80.0,66.0,7.0,3.0,1.0,0.0,40.0
320,60's USA,Get a fast tremolo going and you're set. Nice big open chords sound great with this one.,-,Surf ,2.0,2.0,38.0,60.0,50.0,67.0,68.0,61.0,50.0,5.0,90.0,16.0,0.0,1.0,1.0,1.0,0.0,40.0
321,Face Melter,"Works great with a slow, sweeping Flanger. Try some lead lines above the 12th fret.",-,Rock ,7.0,112.0,45.0,21.0,67.0,100.0,100.0,100.0,100.0,3.0,36.0,100.0,100.0,7.0,2.0,1.0,0.0,40.0
322,Funktopus,Get down with the funky sounds of the Funktopus!,-,Funk ,1.0,0.0,42.0,51.0,37.0,78.0,82.0,96.0,87.0,8.0,35.0,71.0,52.0,5.0,2.0,36.0,0.0,40.0
